{"arduino": {"arduino_train_loss": [0.13299639523029327, 0.025099463760852814, 0.014690926298499107, 0.0038000200875103474, 0.0017293320270255208, 0.0015840430278331041, 0.0014449444133788347, 0.0009891643421724439, 0.000686989224050194, 0.0008268096134997904], "arduino_test_loss": [0.06619442254304886, 0.04752539098262787, 0.7313553094863892, 0.0017622956074774265, 0.0012015413958579302, 0.0010845118667930365, 0.0008655711426399648, 0.0008001826936379075, 0.0008213020628318191, 0.0006866391049697995], "arduino_train_acc": [0.9559943079948425, 0.9920310974121094, 0.9951316118240356, 0.9990480542182922, 0.9997280240058899, 0.9995648264884949, 0.9997280240058899, 0.9999184012413025, 0.9999727606773376, 0.999836802482605], "arduino_test_acc": [0.9775032997131348, 0.9875654578208923, 0.8029286861419678, 0.9997546076774597, 0.9999182224273682, 0.9999182224273682, 0.9999182224273682, 0.9999182224273682, 0.9999182224273682, 0.9998363852500916]}}