{"arduinoNotNorm": {"arduinoNotNorm_train_loss": [0.13241243362426758, 0.030918097123503685, 0.012695973739027977, 0.003453915473073721, 0.0017431307351216674, 0.0014684314373880625, 0.0009897949639707804, 0.0008643236942589283, 0.0008215000852942467, 0.000573592318687588], "arduinoNotNorm_test_loss": [0.1471753865480423, 0.014515061862766743, 0.014208625070750713, 0.0025010646786540747, 0.001701147761195898, 0.0018882841104641557, 0.0018028535414487123, 0.0013787713833153248, 0.0015334377530962229, 0.0012155732838436961], "arduinoNotNorm_train_acc": [0.9568102359771729, 0.9903448224067688, 0.9958659410476685, 0.9990752339363098, 0.99967360496521, 0.99961918592453, 0.999836802482605, 0.9998639822006226, 0.9998639822006226, 0.9999184012413025], "arduinoNotNorm_test_acc": [0.9598331451416016, 0.9958279132843018, 0.9942735433578491, 0.9992637634277344, 0.9994273781776428, 0.9992637634277344, 0.9992637634277344, 0.9995091557502747, 0.9991819262504578, 0.9993455410003662]}}