{"exp": {"15_train_loss": [0.5384628772735596, 0.34105226397514343, 0.2572955787181854, 0.20216882228851318, 0.15750442445278168, 0.0707479789853096, 0.042885422706604004, 0.031287457793951035, 0.025051604956388474, 0.021919138729572296], "15_test_loss": [0.4789097309112549, 1.0469970703125, 0.3009321093559265, 0.3378427028656006, 0.30250054597854614, 0.1335136443376541, 0.11788447201251984, 0.11532577127218246, 0.1115042120218277, 0.10422283411026001], "15_train_acc": [0.7918707132339478, 0.8711137175559998, 0.9034550189971924, 0.9261034727096558, 0.9410097599029541, 0.9764959216117859, 0.9855461716651917, 0.9901778101921082, 0.9920676946640015, 0.9929460883140564], "15_test_acc": [0.8194124698638916, 0.6598498821258545, 0.8837962746620178, 0.8755587339401245, 0.8937579393386841, 0.9531769156455994, 0.9586526155471802, 0.9601691961288452, 0.9631226062774658, 0.9656768441200256], "20_train_loss": [0.525012195110321, 0.32768407464027405, 0.2498214691877365, 0.19761322438716888, 0.15435636043548584, 0.06562604755163193, 0.04147902503609657, 0.031962040811777115, 0.02427111566066742, 0.020729614421725273], "20_test_loss": [0.729253351688385, 0.3512474298477173, 0.31564822793006897, 0.2540495693683624, 2.11114501953125, 0.11845730990171432, 0.10723033547401428, 0.10277716815471649, 0.10186416655778885, 0.10467226803302765], "20_train_acc": [0.7982515692710876, 0.8769126534461975, 0.9054172039031982, 0.9264001250267029, 0.9429567456245422, 0.978305995464325, 0.9876224398612976, 0.990284264087677, 0.9930525422096252, 0.9942770004272461], "20_test_acc": [0.7434067726135254, 0.8663952946662903, 0.8864144086837769, 0.906369686126709, 0.5472381711006165, 0.9588920474052429, 0.9629629254341125, 0.9653576016426086, 0.9655172228813171, 0.9659163355827332], "25_train_loss": [0.5208690166473389, 0.3279876410961151, 0.25090181827545166, 0.1981334388256073, 0.15937840938568115, 0.07113945484161377, 0.04498651996254921, 0.03504094481468201, 0.027898317202925682, 0.024259347468614578], "25_test_loss": [0.4683517813682556, 0.38407427072525024, 0.3702673614025116, 0.4249529242515564, 0.34489479660987854, 0.11943545937538147, 0.10388115793466568, 0.10269273817539215, 0.09565367549657822, 0.09319610148668289], "25_train_acc": [0.801943838596344, 0.8757414221763611, 0.9041927456855774, 0.925650954246521, 0.9404013752937317, 0.9763628244400024, 0.9860785603523254, 0.9891929030418396, 0.9923338890075684, 0.9929460883140564], "25_test_acc": [0.8230683207511902, 0.8531129956245422, 0.861813485622406, 0.8442528247833252, 0.88457852602005, 0.9572157859802246, 0.9654693603515625, 0.9659482836723328, 0.9686302542686462, 0.9701468348503113], "30_train_loss": [0.5242791771888733, 0.3333202600479126, 0.2573210895061493, 0.20384126901626587, 0.1606796532869339, 0.07423020154237747, 0.047959305346012115, 0.03715638443827629, 0.030067995190620422, 0.024726353585720062], "30_test_loss": [0.7428915500640869, 3.637080430984497, 2.1279985904693604, 0.34673526883125305, 2.8905420303344727, 0.12747809290885925, 0.12070025503635406, 0.1156519204378128, 0.10798604041337967, 0.1045612320303917], "30_train_acc": [0.799160361289978, 0.8736119866371155, 0.903401792049408, 0.9251452088356018, 0.9405876994132996, 0.9755300879478455, 0.9842912554740906, 0.9889799356460571, 0.9907063245773315, 0.992812991142273], "30_test_acc": [0.7175925970077515, 0.3086685836315155, 0.45973819494247437, 0.8695881366729736, 0.5239303708076477, 0.9526659846305847, 0.9562899470329285, 0.9598819017410278, 0.9618454575538635, 0.9647988080978394], "35_train_loss": [0.5434119701385498, 0.36588501930236816, 0.29470378160476685, 0.24496755003929138, 0.13801543414592743, 0.10246384143829346, 0.08605793863534927, 0.07184992730617523, 0.06123778969049454, 0.05090551823377609], "35_test_loss": [0.5245217084884644, 0.4017534554004669, 0.3951364755630493, 1.3835177421569824, 0.20113541185855865, 0.18884654343128204, 0.18185794353485107, 0.1763494908809662, 0.17957240343093872, 0.18284232914447784], "35_train_acc": [0.7881365418434143, 0.8605424165725708, 0.8880923986434937, 0.905177652835846, 0.9500372409820557, 0.9635327458381653, 0.969282329082489, 0.9738834500312805, 0.9784923195838928, 0.9827778935432434], "35_test_acc": [0.8037675023078918, 0.8503352403640747, 0.852011501789093, 0.5635057687759399, 0.9262452125549316, 0.9317848086357117, 0.9352969527244568, 0.9371806979179382, 0.938617467880249, 0.9397988319396973]}}