{"gamma": {"1.5_train_loss": [0.5926880240440369, 0.44184020161628723, 0.38316163420677185, 0.3366181552410126, 0.233944833278656, 0.19634921848773956, 0.17210237681865692, 0.15585583448410034, 0.13857430219650269, 0.12342078983783722], "1.5_test_loss": [0.6030906438827515, 0.4445883631706238, 0.403087317943573, 0.4408266246318817, 0.2981930077075958, 0.2831715941429138, 0.28192761540412903, 0.2823105454444885, 0.2607137858867645, 0.26005589962005615], "1.5_train_acc": [0.7688192129135132, 0.8281934261322021, 0.8536216020584106, 0.8706573843955994, 0.9129539728164673, 0.9264228940010071, 0.936058759689331, 0.9422646760940552, 0.949478268623352, 0.95530766248703], "1.5_test_acc": [0.7742496728897095, 0.8210248947143555, 0.8424169421195984, 0.8270593881607056, 0.8841315507888794, 0.891842246055603, 0.8911558389663696, 0.895146906375885, 0.9008141756057739, 0.9035599827766418], "1.6_train_loss": [0.5933408141136169, 0.4422604739665985, 0.3889470100402832, 0.2796621024608612, 0.2444159984588623, 0.22171828150749207, 0.19880539178848267, 0.1811785101890564, 0.16025975346565247, 0.1463901847600937], "1.6_test_loss": [0.49505114555358887, 0.46367117762565613, 0.44034647941589355, 0.33026403188705444, 0.3031964898109436, 0.2872580885887146, 0.28196239471435547, 0.26095497608184814, 0.2711080312728882, 0.30614617466926575], "1.6_train_acc": [0.7697318196296692, 0.8297411203384399, 0.8482104539871216, 0.8939446806907654, 0.9085087180137634, 0.9160416722297668, 0.9262897968292236, 0.9326021671295166, 0.9417057037353516, 0.9460710883140564], "1.6_test_acc": [0.8051884174346924, 0.8097540736198425, 0.8264687061309814, 0.8713920712471008, 0.8817369341850281, 0.8883301019668579, 0.8900861740112305, 0.9021551609039307, 0.9009897112846375, 0.8886813521385193], "1.7_train_loss": [0.6064421534538269, 0.4531159996986389, 0.3923899531364441, 0.3437741696834564, 0.24014393985271454, 0.2047116905450821, 0.1815711110830307, 0.1605846881866455, 0.14603760838508606, 0.13104604184627533], "1.7_test_loss": [0.5714682936668396, 0.9259235858917236, 0.4873068630695343, 0.44738516211509705, 0.28747981786727905, 0.3156609833240509, 0.29230234026908875, 0.27816030383110046, 0.27885594964027405, 0.2635025978088379], "1.7_train_acc": [0.7664235234260559, 0.8254327178001404, 0.8477921485900879, 0.867132306098938, 0.9094669818878174, 0.924532949924469, 0.9331079125404358, 0.9424776434898376, 0.9470255374908447, 0.9518206715583801], "1.7_test_acc": [0.7826787829399109, 0.606257975101471, 0.8096423745155334, 0.8251755833625793, 0.8846902847290039, 0.8776979446411133, 0.8854565620422363, 0.8938217759132385, 0.8936781287193298, 0.9016442894935608], "1.8_train_loss": [0.5982532501220703, 0.4440031945705414, 0.38118499517440796, 0.333462119102478, 0.2216629981994629, 0.18610139191150665, 0.1614883691072464, 0.1431199610233307, 0.12650087475776672, 0.11126796901226044], "1.8_test_loss": [0.5082727670669556, 0.6084117889404297, 0.4460675120353699, 0.40428122878074646, 0.28014907240867615, 0.26703566312789917, 0.26785701513290405, 0.2545023560523987, 0.2650021016597748, 0.2556403577327728], "1.8_train_acc": [0.7698763608932495, 0.8289691805839539, 0.8534656763076782, 0.8718818426132202, 0.9173232316970825, 0.9320317506790161, 0.940815806388855, 0.9483298063278198, 0.9544824957847595, 0.9602587223052979], "1.8_test_acc": [0.8020753860473633, 0.7554118633270264, 0.8254629969596863, 0.8417783975601196, 0.8897190690040588, 0.8949393033981323, 0.8988665342330933, 0.9051245450973511, 0.9023786783218384, 0.9045178294181824], "1.9_train_loss": [0.6014195084571838, 0.441482812166214, 0.38614821434020996, 0.340259313583374, 0.2358623445034027, 0.1981298327445984, 0.1743566393852234, 0.15512768924236298, 0.13834823668003082, 0.12221649289131165], "1.9_test_loss": [0.7310361862182617, 0.47080469131469727, 0.42707931995391846, 0.4369462728500366, 0.289154052734375, 0.2812565267086029, 0.27915769815444946, 0.2692434787750244, 0.2613665759563446, 0.2595824897289276], "1.9_train_acc": [0.7657732963562012, 0.8301137685775757, 0.8506365418434143, 0.8698588013648987, 0.9114862084388733, 0.926826000213623, 0.9363248944282532, 0.9430593848228455, 0.950056254863739, 0.9571443796157837], "1.9_test_acc": [0.714910626411438, 0.811701774597168, 0.8326308727264404, 0.830044686794281, 0.8887132406234741, 0.8901819586753845, 0.8923051953315735, 0.8992177844047546, 0.9040548801422119, 0.9048371315002441]}}