{"int": {"10_train_loss": [0.5424400568008423, 0.36862000823020935, 0.2995402216911316, 0.2520149052143097, 0.15353579819202423, 0.119574636220932, 0.10127170383930206, 0.0876234844326973, 0.07587415724992752, 0.06421825289726257], "10_test_loss": [1.085801124572754, 0.5172257423400879, 0.3278878629207611, 1.3464559316635132, 0.20603886246681213, 0.1895303726196289, 0.19524578750133514, 0.18001706898212433, 0.17326363921165466, 0.18345941603183746], "10_train_acc": [0.7920532822608948, 0.8583444356918335, 0.8852708339691162, 0.9047554731369019, 0.9432989358901978, 0.9565321207046509, 0.9637457132339478, 0.968369722366333, 0.9735679030418396, 0.9775834083557129], "10_test_acc": [0.5979086756706238, 0.8018997311592102, 0.8655810952186584, 0.565820574760437, 0.9229246377944946, 0.9310982823371887, 0.9282247424125671, 0.9368933439254761, 0.939016580581665, 0.9335887432098389], "15_train_loss": [0.5412553548812866, 0.37272098660469055, 0.30825358629226685, 0.25900498032569885, 0.15620212256908417, 0.12359274178743362, 0.10452350974082947, 0.0901353508234024, 0.07583705335855484, 0.06450995057821274], "15_test_loss": [0.4801497757434845, 0.3432707190513611, 0.31538549065589905, 0.3294840157032013, 0.21084895730018616, 0.19439147412776947, 0.19425363838672638, 0.18719495832920074, 0.19090919196605682, 0.18664516508579254], "15_train_acc": [0.7927148938179016, 0.8566333055496216, 0.8826318383216858, 0.900713324546814, 0.9423140287399292, 0.9551441073417664, 0.9630497694015503, 0.967791736125946, 0.9730621576309204, 0.9772945046424866], "15_test_acc": [0.8118135333061218, 0.8661717772483826, 0.8763090968132019, 0.8717911243438721, 0.9206896424293518, 0.9297893047332764, 0.9288792610168457, 0.9337323904037476, 0.93346107006073, 0.9355682730674744], "20_train_loss": [0.5419239401817322, 0.3701624870300293, 0.3084227740764618, 0.2602631151676178, 0.15373355150222778, 0.11965007334947586, 0.1003316193819046, 0.0845225602388382, 0.07022543251514435, 0.06082766130566597], "20_test_loss": [0.3967286944389343, 0.4271320104598999, 0.590326189994812, 0.36470407247543335, 0.20760582387447357, 0.19995848834514618, 0.18396781384944916, 0.1882622092962265, 0.18511831760406494, 0.1818656623363495], "20_train_acc": [0.7904219627380371, 0.8582227826118469, 0.8818028569221497, 0.9008198380470276, 0.9424471259117126, 0.9561328291893005, 0.9638255834579468, 0.9693355560302734, 0.9748722314834595, 0.9781196713447571], "20_test_acc": [0.8518358469009399, 0.8345625996589661, 0.7928161025047302, 0.8674967885017395, 0.9228448271751404, 0.926117479801178, 0.9334291219711304, 0.9343071579933167, 0.9365420937538147, 0.936701774597168], "25_train_loss": [0.5463968515396118, 0.3712714612483978, 0.3057080805301666, 0.2556256949901581, 0.1450423300266266, 0.11057867109775543, 0.09034249931573868, 0.07489337027072906, 0.06319060921669006, 0.05377209931612015], "25_test_loss": [2.26019549369812, 0.41447678208351135, 0.3021407723426819, 0.29665428400039673, 0.19480620324611664, 0.18472321331501007, 0.17752116918563843, 0.16812889277935028, 0.16816216707229614, 0.1612158715724945], "25_train_acc": [0.7906348705291748, 0.8576713800430298, 0.8840160369873047, 0.9037706255912781, 0.9475617408752441, 0.9597757458686829, 0.9683240652084351, 0.9737504124641418, 0.9787318706512451, 0.9807016253471375], "25_test_acc": [0.41473495960235596, 0.8432151675224304, 0.8858397006988525, 0.8914750814437866, 0.9299967885017395, 0.9338281750679016, 0.9375798106193542, 0.9401340484619141, 0.9409642219543457, 0.9424489140510559], "30_train_loss": [0.5515769124031067, 0.37502750754356384, 0.3080768287181854, 0.25528469681739807, 0.21039628982543945, 0.11411204189062119, 0.08219782263040543, 0.067259281873703, 0.05824195221066475, 0.048475127667188644], "30_test_loss": [0.7538562417030334, 0.4260113537311554, 0.5453132390975952, 0.4408525228500366, 0.3433033227920532, 0.1787029206752777, 0.17208637297153473, 0.16310642659664154, 0.1654675453901291, 0.15746699273586273], "30_train_acc": [0.7868778705596924, 0.8554126024246216, 0.8810119032859802, 0.9024929404258728, 0.9209433197975159, 0.9593004584312439, 0.9710353016853333, 0.9761232733726501, 0.9799296855926514, 0.9827246069908142], "30_test_acc": [0.7181034684181213, 0.8403576016426086, 0.7943485975265503, 0.8391922116279602, 0.8799808621406555, 0.9345465898513794, 0.9359354972839355, 0.938521683216095, 0.9404533505439758, 0.9439974427223206]}}