{"normalization_10epochs": {"mean=0.25_std=0.1_train_loss": [1.0048366785049438, 0.6805043816566467, 0.5795357823371887, 0.5103984475135803, 0.43556341528892517, 0.37436550855636597, 0.3329629600048065, 0.18920986354351044, 0.13207082450389862, 0.11012990027666092], "mean=0.25_std=0.1_test_loss": [1.004520297050476, 1.1997218132019043, 1.4577428102493286, 0.7736419439315796, 2.553016424179077, 1.4286730289459229, 1.3553332090377808, 0.5638452172279358, 0.5537616014480591, 0.5875025391578674], "mean=0.25_std=0.1_train_acc": [0.6237500309944153, 0.7478750348091125, 0.7923750281333923, 0.8147500157356262, 0.8425000309944153, 0.8650000691413879, 0.8825000524520874, 0.9395000338554382, 0.9612500667572021, 0.971375048160553], "mean=0.25_std=0.1_test_acc": [0.6130000352859497, 0.597000002861023, 0.5410000085830688, 0.7190000414848328, 0.41850000619888306, 0.5900000333786011, 0.6105000376701355, 0.8210000395774841, 0.8295000195503235, 0.8320000171661377], "mean=0.25_std=0.01_train_loss": [0.988042414188385, 0.7065080404281616, 0.5832388997077942, 0.5100308060646057, 0.4496923089027405, 0.38080301880836487, 0.33786776661872864, 0.18807879090309143, 0.13357891142368317, 0.11612576991319656], "mean=0.25_std=0.01_test_loss": [2.1958491802215576, 0.8158766627311707, 1.0444279909133911, 1.6441313028335571, 0.836270809173584, 1.5474464893341064, 1.777669906616211, 0.5451518893241882, 0.541915237903595, 0.580418050289154], "mean=0.25_std=0.01_train_acc": [0.6258750557899475, 0.7398750185966492, 0.7867500185966492, 0.8167500495910645, 0.8371250629425049, 0.8651250600814819, 0.8783750534057617, 0.9430000185966492, 0.9626250267028809, 0.968375027179718], "mean=0.25_std=0.01_test_acc": [0.35600000619888306, 0.7045000195503235, 0.6325000524520874, 0.5130000114440918, 0.7190000414848328, 0.6030000448226929, 0.5390000343322754, 0.8300000429153442, 0.8340000510215759, 0.8405000567436218], "mean=0.25_std=0.001_train_loss": [0.9891587495803833, 0.6865360140800476, 0.5885988473892212, 0.5028043985366821, 0.4693663418292999, 0.2977604568004608, 0.23973247408866882, 0.20692984759807587, 0.18242678046226501, 0.1613902896642685], "mean=0.25_std=0.001_test_loss": [0.8507391810417175, 1.1584776639938354, 1.0420944690704346, 1.0735450983047485, 1.3054667711257935, 0.5757534503936768, 0.5302122235298157, 0.5505673289299011, 0.5866171717643738, 0.6338827013969421], "mean=0.25_std=0.001_train_acc": [0.6237500309944153, 0.7521250247955322, 0.7876250147819519, 0.8207500576972961, 0.8323750495910645, 0.8983750343322754, 0.9207500219345093, 0.9325000643730164, 0.9420000314712524, 0.9483750462532043], "mean=0.25_std=0.001_test_acc": [0.6940000057220459, 0.5660000443458557, 0.6380000114440918, 0.6025000214576721, 0.5530000329017639, 0.8055000305175781, 0.8205000162124634, 0.8260000348091125, 0.8175000548362732, 0.7990000247955322], "mean=0.5_std=0.1_train_loss": [0.9812330603599548, 0.6781761050224304, 0.5778782963752747, 0.4970822334289551, 0.4347986578941345, 0.3730960786342621, 0.33528611063957214, 0.18165278434753418, 0.12787123024463654, 0.10723879188299179], "mean=0.5_std=0.1_test_loss": [1.31405508518219, 1.8449517488479614, 1.9135210514068604, 0.8628697395324707, 2.6520962715148926, 1.9755380153656006, 1.43421471118927, 0.5091562271118164, 0.535251259803772, 0.5535602569580078], "mean=0.5_std=0.1_train_acc": [0.6346250176429749, 0.7507500648498535, 0.7921250462532043, 0.8226250410079956, 0.8453750610351562, 0.8675000667572021, 0.8833750486373901, 0.9423750638961792, 0.9603750705718994, 0.9698750376701355], "mean=0.5_std=0.1_test_acc": [0.5270000100135803, 0.4345000088214874, 0.3725000321865082, 0.6925000548362732, 0.40150001645088196, 0.4010000228881836, 0.5490000247955322, 0.8355000615119934, 0.8445000648498535, 0.8405000567436218], "mean=0.5_std=0.01_train_loss": [0.9967669248580933, 0.7026473879814148, 0.5927297472953796, 0.5116488337516785, 0.4380437433719635, 0.38713476061820984, 0.22819876670837402, 0.1725168228149414, 0.15016423165798187, 0.1260637640953064], "mean=0.5_std=0.01_test_loss": [1.5358619689941406, 1.4919729232788086, 1.4751473665237427, 0.9094657301902771, 1.1458321809768677, 1.7344857454299927, 0.5325756669044495, 0.5493693351745605, 0.7264409065246582, 0.5756747126579285], "mean=0.5_std=0.01_train_acc": [0.6287500262260437, 0.7428750395774841, 0.7792500257492065, 0.812375009059906, 0.8498750329017639, 0.8632500171661377, 0.9257500171661377, 0.9482500553131104, 0.955625057220459, 0.9645000696182251], "mean=0.5_std=0.01_test_acc": [0.4880000352859497, 0.5180000066757202, 0.534000039100647, 0.7200000286102295, 0.6200000047683716, 0.46800002455711365, 0.8270000219345093, 0.8365000486373901, 0.7780000567436218, 0.8325000405311584], "mean=0.5_std=0.001_train_loss": [0.9936245083808899, 0.6889805197715759, 0.5763840675354004, 0.4924812316894531, 0.4245471656322479, 0.3909231722354889, 0.23481129109859467, 0.1742715984582901, 0.14532466232776642, 0.12573754787445068], "mean=0.5_std=0.001_test_loss": [3.127347707748413, 2.118259906768799, 2.9331510066986084, 0.9428271651268005, 2.2854549884796143, 1.069464921951294, 0.5034241080284119, 0.5147107839584351, 0.5309766530990601, 0.5634958148002625], "mean=0.5_std=0.001_train_acc": [0.6307500004768372, 0.749125063419342, 0.7891250252723694, 0.8215000629425049, 0.8472500443458557, 0.8607500195503235, 0.9221250414848328, 0.9452500343322754, 0.9568750262260437, 0.9636250734329224], "mean=0.5_std=0.001_test_acc": [0.25850000977516174, 0.34950003027915955, 0.281000018119812, 0.6780000329017639, 0.42100003361701965, 0.6305000185966492, 0.8365000486373901, 0.8340000510215759, 0.8350000381469727, 0.8385000228881836], "mean=0.75_std=0.1_train_loss": [1.005954384803772, 0.6964117884635925, 0.5908356308937073, 0.5073121190071106, 0.44456830620765686, 0.3945823013782501, 0.3392750918865204, 0.30170124769210815, 0.15537029504776, 0.11129496246576309], "mean=0.75_std=0.1_test_loss": [0.955939769744873, 2.5270535945892334, 0.7619300484657288, 1.2960926294326782, 1.0249303579330444, 0.7877179384231567, 0.9543671607971191, 3.14111065864563, 0.9760138988494873, 0.5824698805809021], "mean=0.75_std=0.1_train_acc": [0.6261250376701355, 0.7457500100135803, 0.7878750562667847, 0.8161250352859497, 0.8391250371932983, 0.861750066280365, 0.8823750615119934, 0.8942500352859497, 0.9536250233650208, 0.9698750376701355], "mean=0.75_std=0.1_test_acc": [0.6740000247955322, 0.3620000183582306, 0.7290000319480896, 0.5764999985694885, 0.5845000147819519, 0.7480000257492065, 0.7090000510215759, 0.38050001859664917, 0.6850000619888306, 0.8240000605583191], "mean=0.75_std=0.01_train_loss": [0.9821598529815674, 0.6996587514877319, 0.5990259647369385, 0.5277565121650696, 0.4635407626628876, 0.4034308195114136, 0.3589208424091339, 0.1972096562385559, 0.14448010921478271, 0.11990762501955032], "mean=0.75_std=0.01_test_loss": [2.200838088989258, 1.4012572765350342, 0.7011746168136597, 1.6407331228256226, 0.8043472766876221, 1.5872212648391724, 1.254934549331665, 0.5810969471931458, 0.6847832202911377, 0.6368355751037598], "mean=0.75_std=0.01_train_acc": [0.6348750591278076, 0.7452500462532043, 0.7857500314712524, 0.8081250190734863, 0.8358750343322754, 0.8608750700950623, 0.8736250400543213, 0.9387500286102295, 0.9577500224113464, 0.9653750658035278], "mean=0.75_std=0.01_test_acc": [0.35200002789497375, 0.5105000138282776, 0.753000020980835, 0.4595000147819519, 0.7125000357627869, 0.4870000183582306, 0.624500036239624, 0.8185000419616699, 0.8020000457763672, 0.8200000524520874], "mean=0.75_std=0.001_train_loss": [1.0062229633331299, 0.6949500441551208, 0.5940735340118408, 0.5124104022979736, 0.44854646921157837, 0.40232691168785095, 0.24334082007408142, 0.18134775757789612, 0.1495913863182068, 0.12946151196956635], "mean=0.75_std=0.001_test_loss": [0.8254433274269104, 1.4767789840698242, 0.851977527141571, 2.2611196041107178, 0.8768520355224609, 1.8206169605255127, 0.5834662318229675, 3.5344741344451904, 0.5599154829978943, 0.6673310399055481],