{"normalization": {"mean=0.25_std=0.1_train_loss": [0.9884202480316162, 0.6719505786895752, 0.585440993309021, 0.5037667155265808, 0.4379258155822754], "mean=0.25_std=0.1_test_loss": [1.1187480688095093, 1.130198359489441, 1.1988329887390137, 0.8646610975265503, 1.7544430494308472], "mean=0.25_std=0.1_train_acc": [0.6316250562667847, 0.7541250586509705, 0.7905000448226929, 0.8202500343322754, 0.8417500257492065], "mean=0.25_std=0.1_test_acc": [0.6200000047683716, 0.6040000319480896, 0.6080000400543213, 0.7075000405311584, 0.4675000309944153], "mean=0.25_std=0.01_train_loss": [0.9928394556045532, 0.6992093920707703, 0.5857536792755127, 0.5179557800292969, 0.46463167667388916], "mean=0.25_std=0.01_test_loss": [1.4314990043640137, 1.2090553045272827, 1.5330651998519897, 0.5963940024375916, 0.9398537278175354], "mean=0.25_std=0.01_train_acc": [0.6297500133514404, 0.7377500534057617, 0.7873750329017639, 0.8145000338554382, 0.8333750367164612], "mean=0.25_std=0.01_test_acc": [0.45750001072883606, 0.5580000281333923, 0.4775000214576721, 0.7870000600814819, 0.6770000457763672], "mean=0.25_std=0.001_train_loss": [1.0112520456314087, 0.6995463371276855, 0.5893024802207947, 0.5130407214164734, 0.43817171454429626], "mean=0.25_std=0.001_test_loss": [1.2045660018920898, 1.6567494869232178, 0.9308957457542419, 1.3232121467590332, 0.7857428193092346], "mean=0.25_std=0.001_train_acc": [0.6220000386238098, 0.7447500228881836, 0.7845000624656677, 0.8191250562667847, 0.8447500467300415], "mean=0.25_std=0.001_test_acc": [0.5875000357627869, 0.4090000092983246, 0.7065000534057617, 0.5960000157356262, 0.7440000176429749], "mean=0.5_std=0.1_train_loss": [0.9973105192184448, 0.6889979839324951, 0.5725749135017395, 0.49316176772117615, 0.4352099895477295], "mean=0.5_std=0.1_test_loss": [2.391899824142456, 1.2849552631378174, 1.082985520362854, 1.2461649179458618, 0.9072328209877014], "mean=0.5_std=0.1_train_acc": [0.6297500133514404, 0.7451250553131104, 0.7951250672340393, 0.8205000162124634, 0.842875063419342], "mean=0.5_std=0.1_test_acc": [0.33500000834465027, 0.5254999995231628, 0.655500054359436, 0.6285000443458557, 0.7100000381469727], "mean=0.5_std=0.01_train_loss": [1.0045210123062134, 0.7058785557746887, 0.5991896986961365, 0.5218071937561035, 0.45273712277412415], "mean=0.5_std=0.01_test_loss": [3.6868109703063965, 0.9551567435264587, 1.0181182622909546, 0.9733139276504517, 1.0892268419265747], "mean=0.5_std=0.01_train_acc": [0.625, 0.7432500123977661, 0.7798750400543213, 0.8091250658035278, 0.8407500386238098], "mean=0.5_std=0.01_test_acc": [0.16500000655651093, 0.6650000214576721, 0.6635000109672546, 0.6625000238418579, 0.6610000133514404], "mean=0.5_std=0.001_train_loss": [0.9893972277641296, 0.6821511387825012, 0.5981058478355408, 0.5271552801132202, 0.46328431367874146], "mean=0.5_std=0.001_test_loss": [0.8971309065818787, 0.7861150503158569, 1.2953485250473022, 0.8278293013572693, 1.0054633617401123], "mean=0.5_std=0.001_train_acc": [0.6316250562667847, 0.74937504529953, 0.780375063419342, 0.8092500567436218, 0.8351250290870667], "mean=0.5_std=0.001_test_acc": [0.6795000433921814, 0.7315000295639038, 0.5230000019073486, 0.7190000414848328, 0.6700000166893005], "mean=0.75_std=0.1_train_loss": [0.989024817943573, 0.7095605134963989, 0.600247323513031, 0.5157148241996765, 0.45814698934555054], "mean=0.75_std=0.1_test_loss": [0.8726786375045776, 1.3147361278533936, 0.8068826794624329, 4.063584327697754, 0.7834545373916626], "mean=0.75_std=0.1_train_acc": [0.6297500133514404, 0.7408750057220459, 0.784375011920929, 0.811750054359436, 0.8380000591278076], "mean=0.75_std=0.1_test_acc": [0.6885000467300415, 0.5210000276565552, 0.7175000309944153, 0.2120000123977661, 0.7150000333786011], "mean=0.75_std=0.01_train_loss": [0.9906683564186096, 0.7080544233322144, 0.5768202543258667, 0.5142272114753723, 0.44035109877586365], "mean=0.75_std=0.01_test_loss": [1.8101907968521118, 1.031874656677246, 1.123465895652771, 1.016477108001709, 2.5848824977874756], "mean=0.75_std=0.01_train_acc": [0.6267500519752502, 0.7427500486373901, 0.7906250357627869, 0.8115000128746033, 0.8391250371932983], "mean=0.75_std=0.01_test_acc": [0.4000000059604645, 0.6370000243186951, 0.6175000071525574, 0.578000009059906, 0.36500000953674316], "mean=0.75_std=0.001_train_loss": [0.9797179698944092, 0.6757286190986633, 0.582675039768219, 0.4994296133518219, 0.42762190103530884], "mean=0.75_std=0.001_test_loss": [1.3750536441802979, 3.096661329269409, 4.3130621910095215, 2.3014473915100098, 2.7937850952148438], "mean=0.75_std=0.001_train_acc": [0.6410000324249268, 0.7548750638961792, 0.7887500524520874, 0.8200000524520874, 0.8500000238418579], "mean=0.75_std=0.001_test_acc": [0.5175000429153442, 0.2685000002384186, 0.21000000834465027, 0.40700000524520874, 0.343500018119812]}}