{"raw": {"raw_train_loss": [0.4991603493690491, 0.30763760209083557, 0.2353292852640152, 0.18357980251312256, 0.08630728721618652, 0.05993034318089485, 0.045974720269441605, 0.03660164028406143, 0.02953394688665867, 0.023963484913110733], "raw_test_loss": [1.1458464860916138, 1.6368106603622437, 0.6007981896400452, 1.1285289525985718, 0.12989255785942078, 0.16334865987300873, 0.1100962907075882, 0.14175911247730255, 0.10404923558235168, 0.10329033434391022], "raw_train_acc": [0.8079444169998169, 0.8849438428878784, 0.9119197130203247, 0.9298832416534424, 0.970400333404541, 0.9792908430099487, 0.9846944212913513, 0.9880483150482178, 0.9908166527748108, 0.9925202131271362], "raw_test_acc": [0.5420976877212524, 0.28772351145744324, 0.7695401906967163, 0.6523946523666382, 0.9526979923248291, 0.9403735399246216, 0.9639527797698975, 0.9503352046012878, 0.9650382995605469, 0.965628981590271]}}