{"soft": {"1_train_loss": [0.5050082206726074, 0.30537253618240356, 0.2373397946357727, 0.1862856149673462, 0.08582968264818192, 0.060173213481903076, 0.04692836478352547, 0.03805061802268028, 0.031712159514427185, 0.02647111378610134], "1_test_loss": [2.145763397216797, 1.066808819770813, 1.0133694410324097, 0.5697227716445923, 0.1331612914800644, 0.11807763576507568, 0.4328867793083191, 0.11959780752658844, 0.1897709220647812, 0.1078498363494873], "1_train_acc": [0.8057047128677368, 0.8856739401817322, 0.9106571674346924, 0.9297007918357849, 0.9703471064567566, 0.9795038104057312, 0.984987199306488, 0.9878048896789551, 0.9905770421028137, 0.9921209216117859], "1_test_acc": [0.3674648702144623, 0.5685344934463501, 0.6434386968612671, 0.7936462163925171, 0.9511494040489197, 0.9571359753608704, 0.8507183790206909, 0.9570401906967163, 0.9309865832328796, 0.9621967077255249], "2_train_loss": [0.5430256724357605, 0.3695339262485504, 0.30427491664886475, 0.2507559657096863, 0.21070018410682678, 0.11941523849964142, 0.08764578402042389, 0.07066597789525986, 0.059021301567554474, 0.04970388114452362], "2_test_loss": [1.5940591096878052, 3.6549363136291504, 1.2677738666534424, 1.3199297189712524, 0.8312104344367981, 0.18944604694843292, 0.19451071321964264, 0.29286009073257446, 0.16092358529567719, 0.4318142831325531], "2_train_acc": [0.7911216020584106, 0.8582683801651001, 0.8843924403190613, 0.9046452641487122, 0.9193689823150635, 0.9563153386116028, 0.9679514169692993, 0.9754045605659485, 0.9798764586448669, 0.9834699630737305], "2_test_acc": [0.43609511852264404, 0.3401181399822235, 0.5431672930717468, 0.5267400741577148, 0.6925925612449646, 0.930555522441864, 0.9265644550323486, 0.8910280466079712, 0.9444763660430908, 0.8575031757354736], "3_train_loss": [0.5978627800941467, 0.44894933700561523, 0.394737184047699, 0.3542875647544861, 0.25359782576560974, 0.21807527542114258, 0.19490988552570343, 0.17669136822223663, 0.15583401918411255, 0.1397985816001892], "3_test_loss": [1.9512450695037842, 1.1279321908950806, 8.78939437866211, 1.3893755674362183, 0.38700127601623535, 0.32610583305358887, 0.5098262429237366, 0.6797329187393188, 1.6927361488342285, 0.48763805627822876], "3_train_acc": [0.7699257731437683, 0.8254859447479248, 0.8460239171981812, 0.8625121712684631, 0.9041432738304138, 0.9177415370941162, 0.9274306297302246, 0.9343590140342712, 0.9437286853790283, 0.9481207132339478], "3_test_acc": [0.2673371434211731, 0.6208652853965759, 0.2815612852573395, 0.4458652436733246, 0.8450191617012024, 0.8705938458442688, 0.8029054403305054, 0.7533046007156372, 0.5329182147979736, 0.8249360918998718], "4_train_loss": [0.6703145503997803, 0.533500075340271, 0.48361432552337646, 0.3889506161212921, 0.35832858085632324, 0.3364487886428833, 0.31551024317741394, 0.2920474410057068, 0.2703574597835541, 0.2509726583957672], "4_test_loss": [1.2102688550949097, 3.0478932857513428, 1.5745925903320312, 2.275115489959717, 0.4764381945133209, 0.6585407853126526, 2.1813032627105713, 3.2253308296203613, 0.7531934380531311, 2.5603139400482178], "4_train_acc": [0.7364702224731445, 0.7897792458534241, 0.8088494539260864, 0.8473966717720032, 0.8596639633178711, 0.870684027671814, 0.8791980743408203, 0.8892103433609009, 0.8989526629447937, 0.9053145051002502], "4_test_acc": [0.5412675738334656, 0.3587324321269989, 0.5162675380706787, 0.5100095868110657, 0.8141283392906189, 0.7289750576019287, 0.5508939623832703, 0.49109193682670593, 0.733971893787384, 0.5143997073173523]}}